"ANO","NIVEL","CODMUNRES","POPRE_T","POPRC_T","POPRC_M","POPRC_F","POPRC_15","POPRC_15_49","POPRC_50","POPRC_F_15","POPRC_F_15_49","POPRC_F_50"
2016,"UF","13",4001667,3483985,1753179,1730806,1156013,1895559,432413,568340,943788,218678
2016,"MUNICIPIO","1300029",15729,14088,7416,6672,6283,6498,1307,3073,3009,590
2016,"MUNICIPIO","1300060",11047,9467,4902,4565,3718,4819,930,1820,2317,428
2016,"MUNICIPIO","1300086",12653,10214,5446,4768,3915,5223,1076,1885,2389,494
2016,"MUNICIPIO","1300102",19749,16317,8511,7806,6237,8372,1708,3012,4005,789
2016,"MUNICIPIO","1300144",21031,18007,9551,8456,5532,10189,2286,2763,4811,882
2016,"MUNICIPIO","1300201",18599,15153,7852,7301,5948,7966,1239,2956,3827,518
2016,"MUNICIPIO","1300300",37752,32135,16989,15146,12714,15266,4155,6114,7159,1873
2016,"MUNICIPIO","1300409",27589,25718,13816,11902,8738,13921,3059,4280,6279,1343
2016,"MUNICIPIO","1300508",31105,27355,14312,13043,11954,12187,3214,5901,5625,1517
2016,"MUNICIPIO","1300607",40417,33411,17260,16151,13649,16203,3559,6620,7855,1676
2016,"MUNICIPIO","1300631",18579,15486,8146,7340,6875,6933,1678,3383,3249,708
2016,"MUNICIPIO","1300680",18080,14979,7945,7034,6208,7127,1644,3034,3272,728
2016,"MUNICIPIO","1300706",33840,30632,15947,14685,11015,15549,4068,5380,7376,1929
2016,"MUNICIPIO","1300805",39885,34961,18237,16724,13859,17037,4065,6792,8056,1876
2016,"MUNICIPIO","1300839",12622,10975,5812,5163,4233,5503,1239,2081,2560,522
2016,"MUNICIPIO","1300904",15312,12738,6872,5866,4200,6845,1693,2007,3124,735
2016,"MUNICIPIO","1301001",28111,25774,13259,12515,10581,12496,2697,5198,6067,1250
2016,"MUNICIPIO","1301100",36922,32734,16990,15744,11824,16696,4214,5811,8070,1863
2016,"MUNICIPIO","1301159",28592,23930,12688,11242,7859,12461,3610,3751,5886,1605
2016,"MUNICIPIO","1301209",83929,75965,39476,36489,28113,40028,7824,13580,19253,3656
2016,"MUNICIPIO","1301308",27303,23206,12107,11099,8655,12069,2482,4225,5735,1139
2016,"MUNICIPIO","1301407",34461,30665,15779,14886,12408,15007,3250,6105,7193,1588
2016,"MUNICIPIO","1301506",19143,16338,8392,7946,6778,8097,1463,3385,3849,712
2016,"MUNICIPIO","1301605",20199,22817,11824,10993,9259,11139,2419,4555,5306,1132
2016,"MUNICIPIO","1301654",16085,13974,7265,6709,5882,6817,1275,2857,3249,603
2016,"MUNICIPIO","1301704",52354,44227,23204,21023,15690,23078,5459,7569,11004,2450
2016,"MUNICIPIO","1301803",27587,22254,11355,10899,9998,10407,1849,4976,5052,871
2016,"MUNICIPIO","1301852",46703,40781,20996,19785,14858,20387,5536,7358,9887,2540
2016,"MUNICIPIO","1301902",98503,86839,44426,42413,30925,43867,12047,15166,21493,5754
2016,"MUNICIPIO","1301951",8153,8038,4236,3802,3389,3963,686,1639,1855,308
2016,"MUNICIPIO","1302009",9040,8211,4299,3912,2974,4076,1161,1434,1951,527
2016,"MUNICIPIO","1302108",4660,7326,3835,3491,3016,3750,560,1463,1785,243
2016,"MUNICIPIO","1302207",13581,10802,5548,5254,4557,5292,953,2283,2532,439
2016,"MUNICIPIO","1302306",16200,17992,9432,8560,8194,8146,1652,3944,3865,751
2016,"MUNICIPIO","1302405",44071,37701,19638,18063,14358,18856,4487,7046,8914,2103
2016,"MUNICIPIO","1302504",95330,85141,43461,41680,31388,42976,10777,15336,21206,5138
2016,"MUNICIPIO","1302553",29327,22801,11744,11057,8637,11307,2857,4300,5536,1221
2016,"MUNICIPIO","1302603",2094391,1802014,879742,922272,508962,1055900,237152,251209,542331,128732
2016,"MUNICIPIO","1302702",53890,47017,24684,22333,17557,23817,5643,8542,11266,2525
2016,"MUNICIPIO","1302801",18477,17528,9407,8121,7505,8687,1336,3609,3950,562
2016,"MUNICIPIO","1302900",61110,52236,27283,24953,21152,24479,6605,10422,11502,3029
2016,"MUNICIPIO","1303007",20633,18278,9496,8782,6782,9007,2489,3393,4213,1176
2016,"MUNICIPIO","1303106",35800,30696,15748,14948,11576,15545,3575,5757,7542,1649
2016,"MUNICIPIO","1303205",18133,14723,7607,7116,5328,7477,1918,2648,3588,880
2016,"MUNICIPIO","1303304",24718,21451,11429,10022,7827,10993,2631,3805,5092,1125
2016,"MUNICIPIO","1303403",112716,102033,52304,49729,38281,50400,13352,18768,24546,6415
2016,"MUNICIPIO","1303502",19488,18166,9490,8676,7599,8881,1686,3744,4156,776
2016,"MUNICIPIO","1303536",33703,27175,14350,12825,9416,14272,3487,4598,6776,1451
2016,"MUNICIPIO","1303569",31274,25719,13406,12313,8556,14053,3110,4206,6765,1342
2016,"MUNICIPIO","1303601",23092,18146,9322,8824,7998,8293,1855,4051,3926,847
2016,"MUNICIPIO","1303700",23378,24481,12592,11889,10452,11880,2149,5151,5736,1002
2016,"MUNICIPIO","1303809",43831,37896,19463,18433,14412,18708,4776,7222,8860,2351
2016,"MUNICIPIO","1303908",37300,31422,16266,15156,12899,15410,3113,6357,7342,1457
2016,"MUNICIPIO","1303957",13105,10705,5680,5025,4285,5255,1165,2025,2488,512
2016,"MUNICIPIO","1304005",9147,8444,4498,3946,3339,3963,1142,1614,1822,510
2016,"MUNICIPIO","1304062",62346,52272,26359,25913,20212,26603,5457,10052,13238,2623
2016,"MUNICIPIO","1304104",18039,19077,10075,9002,7590,9597,1890,3613,4554,835
2016,"MUNICIPIO","1304203",62230,61453,31518,29935,24002,30823,6628,11768,14982,3185
2016,"MUNICIPIO","1304237",18632,17079,8777,8302,7182,8387,1510,3631,3989,682
2016,"MUNICIPIO","1304260",13276,11891,6332,5559,5104,5714,1073,2410,2682,467
2016,"MUNICIPIO","1304302",17065,17094,8854,8240,6781,8085,2228,3364,3837,1039
2016,"MUNICIPIO","1304401",21650,17837,9529,8308,6795,8777,2265,3299,4004,1005
