"ANO","NIVEL","CODMUNRES","TN","TNRC","TNRCR","TGI_15","TGI_15_19","TGI_20_24","TGI_25_29","TGI_30_34","TGI_35_39","TGI_40_44","TGI_45_49","TGI_50","TGIF","IM_P25","IM_P50","IM_P75","IM_MD","IM_DP","EM_S","EM_FI","EM_FII","EM_M","EM_SI","EM_SC","TGRC_B","TGRC_PT","TGRC_A","TGRC_PD","TGRC_I","TGSC","TGCC","TGPRI","TGNPRI","TGU","TGG","TGD_22","TGD_22_27","TGD_28_31","TGD_32_36","TGD_37_41","TGD_42","TGD_PRT","TGD_AT","TGD_PST","DG_P25","DG_P50","DG_P75","DG_MD","DG_DP","TKC_NR","TKC_ID","TKC_IT","TKC_AD","TKC_MAD","TGPRG_S","TGPRG_N","TPV","TPC","TRAP_C","TRAP_P","TRAP_T","TGROB_1","TGROB_2","TGROB_3","TGROB_4","TGROB_5","TGROB_6","TGROB_7","TGROB_8","TGROB_9","TGROB_10","TNLOC_H","TNLOC_ES","TNLOC_D","TNLOC_O","TNLOC_AI","TRS_M","TRS_F","TRRC_B","TRRC_PT","TRRC_A","TRRC_PD","TRRC_I","TRP_BP","TRP_N","TRP_M","PESO_P25","PESO_P50","PESO_P75","PESO_MD","PESO_DP","TRPIG_P","TRPIG_A","TRPIG_G","TRAPG5_B","TRAPG5_N","APG5_MD","APG5_DP","TRAC","TRSAC"
2016,"UF","13",76703,0,68595,1302,18134,21793,16001,11827,5945,1549,134,12,75383,19,24,30,24.84,6.73,1472,5415,23159,36008,3493,5246,2434,260,53,65445,6763,46720,29219,25798,50905,75551,1069,41,330,688,6994,65109,2636,8053,65109,2636,38,39,40,38.72,2.21,768,26444,8936,7133,28476,5529,71174,49228,27389,70287,4181,86,18470,2222,27565,1807,11859,1349,2590,1060,86,6845,71386,113,4060,456,681,39138,37556,2476,265,54,66105,6828,5764,65758,4846,2938,3248,3560,3222.43,555.48,5414,59429,8927,641,71236,9.61,0.82,364,75563
2016,"MUNICIPIO","130000",25,0,14,1,16,3,2,2,1,0,0,0,24,16,18,21,20.28,5.83,4,0,3,1,0,1,0,0,0,14,7,17,1,18,7,23,0,0,0,0,1,17,1,1,17,1,39,40,40,39.63,1.21,8,1,2,2,2,25,0,12,11,18,5,0,9,0,2,2,0,4,1,0,0,1,25,0,0,0,0,14,11,0,0,0,14,7,2,20,3,2905,3210,3710,3208.88,658.21,4,13,2,1,23,9.58,1.02,1,22
2016,"MUNICIPIO","130002",325,0,305,10,121,101,51,22,17,2,1,0,315,18,21,26,22.27,6.17,5,41,143,120,6,6,3,1,0,246,68,180,141,100,225,319,6,0,1,1,35,260,19,37,260,19,38,39,40,38.78,2.22,8,121,49,28,99,127,198,272,53,324,1,0,81,3,146,1,42,0,1,6,0,36,309,0,14,2,0,178,147,3,1,0,246,68,23,289,13,2984,3250,3510,3216.13,480.96,27,242,35,1,323,9.23,0.73,2,323
2016,"MUNICIPIO","130006",280,0,174,4,73,88,63,29,19,4,0,0,276,19,23,28,24.04,6.14,14,60,109,88,2,4,0,0,0,120,159,162,118,78,202,280,0,2,4,6,40,204,20,52,204,20,37,39,40,38.28,3.27,0,64,25,44,143,22,258,264,15,279,0,1,60,0,144,3,16,0,0,0,1,52,173,0,106,1,0,137,143,0,0,0,120,159,11,261,7,2960,3200,3415,3179.54,419.6,17,215,33,1,178,9.44,0.74,2,278
2016,"MUNICIPIO","130008",182,0,169,1,53,53,40,21,11,2,1,0,181,19,22,28,24.08,6.32,0,22,46,100,2,8,3,1,0,162,15,117,65,57,125,179,2,0,0,0,10,156,12,10,156,12,38,39,40,39.21,1.88,1,50,18,15,90,36,146,134,46,173,5,1,42,5,81,4,25,3,2,2,1,10,165,0,10,0,7,86,96,3,1,0,162,15,7,166,7,3000,3225,3503.75,3247.93,456.51,10,140,17,1,176,9.59,0.69,2,180
2016,"MUNICIPIO","130010",266,0,243,6,79,84,52,29,12,4,0,0,260,19,22,27,23.37,6.12,2,20,92,114,5,8,0,1,0,263,0,117,148,83,183,263,2,0,0,3,26,206,21,29,206,21,38,39,40,38.88,2.41,2,115,26,31,84,25,241,172,94,263,1,0,69,0,117,0,38,1,0,2,0,27,255,1,10,0,0,128,138,0,1,0,265,0,17,233,16,3000,3300,3615,3254.36,552.23,13,194,33,3,255,8.83,0.77,0,265
2016,"MUNICIPIO","130014",211,0,202,5,59,65,46,26,9,1,0,0,206,19,22,27,23.4,5.96,2,20,80,84,7,14,36,6,0,165,2,48,158,87,124,204,6,0,1,1,18,169,19,20,169,19,38.75,39,40,39.05,2.22,2,44,9,5,126,9,202,113,97,178,15,13,46,22,45,17,28,5,9,6,13,14,210,0,1,0,0,107,104,36,6,0,165,2,12,186,13,3068,3350,3667.5,3306.43,583.43,7,164,26,3,207,8.79,0.85,0,211
2016,"MUNICIPIO","130020",380,0,208,16,87,116,76,47,25,7,6,0,364,19,23,29,24.35,7.14,128,71,78,62,2,7,9,5,1,150,208,88,286,75,305,378,2,0,0,8,58,280,26,66,280,26,37,39,40,38.31,2.56,1,173,46,39,105,78,302,338,42,377,3,0,54,6,219,2,22,0,2,2,0,65,224,0,149,7,0,201,179,9,5,1,150,208,31,329,20,2900,3200,3444,3155.29,514.82,29,279,50,0,223,9.61,0.58,1,377
2016,"MUNICIPIO","130030",890,0,761,27,268,260,163,101,55,14,2,0,863,18,22,28,23.54,6.64,14,89,349,393,19,14,42,18,1,438,379,760,119,267,623,885,5,0,0,0,119,720,50,119,720,50,38,39,40,38.65,2.01,7,428,74,79,235,76,814,648,242,866,20,2,199,31,358,37,128,6,14,5,2,107,780,0,97,10,3,457,433,42,18,1,438,379,49,791,50,2990,3255,3538.75,3255.48,493.36,69,697,116,12,769,9.55,0.86,2,887
2016,"MUNICIPIO","130040",496,0,292,14,143,140,99,49,34,11,0,1,476,18,22,28,23.76,6.95,105,27,121,141,4,7,9,2,0,163,322,201,293,149,347,492,4,0,2,4,48,427,15,54,427,15,38,40,40,39.01,2.12,13,235,71,26,83,15,481,418,76,488,8,0,120,12,253,14,39,1,3,4,0,50,283,2,18,12,181,244,252,9,2,0,163,322,37,435,23,2700,3030,3435,3082.53,521.28,105,321,58,2,291,9.86,0.74,1,491
2016,"MUNICIPIO","130050",810,0,655,19,241,214,162,108,48,13,3,2,789,19,23,28,24,6.82,25,132,341,289,7,16,7,8,0,543,252,176,634,243,567,796,13,0,1,3,33,734,38,37,734,38,38,39,40,38.95,1.72,13,343,134,78,205,244,566,682,127,790,18,1,203,12,455,14,64,7,7,13,1,33,645,0,158,7,0,421,389,7,8,0,543,252,65,703,42,2900,3186,3500,3168.39,516.31,91,632,73,4,651,9.56,0.7,7,803
2016,"MUNICIPIO","130060",1021,0,889,13,258,281,212,160,76,18,1,2,1006,19,24,30,24.72,6.78,27,135,354,434,31,29,13,1,0,526,473,334,672,263,758,1011,9,1,0,6,54,920,30,61,920,30,38,39,40,38.77,1.77,0,340,109,100,406,126,895,884,137,1001,12,2,224,10,606,15,73,5,7,9,2,56,794,0,189,4,34,514,507,13,1,0,526,473,76,899,45,2900,3170,3500,3158.98,518.98,97,815,86,11,912,9.48,1.03,1,1015
2016,"MUNICIPIO","130063",510,0,412,18,160,142,93,65,21,9,2,0,492,18,22,27,23.31,6.59,30,91,201,176,3,3,2,1,0,485,16,140,365,140,370,500,9,0,1,2,37,418,23,40,418,23,38,39,40,38.98,2.05,16,242,59,32,84,121,389,439,70,497,9,0,113,6,258,2,46,4,4,9,0,38,421,2,81,4,2,266,244,2,1,0,485,16,30,429,30,3000,3280,3600,3261.48,516.66,29,369,64,5,421,9.22,0.83,2,507
2016,"MUNICIPIO","130068",312,0,311,12,98,77,60,38,23,4,0,0,300,18,23,28,23.66,6.86,5,29,103,168,0,7,5,0,0,307,0,206,106,103,209,311,1,0,0,3,16,270,23,19,270,23,38,39,40,39.14,1.84,8,133,8,46,112,16,296,222,90,308,3,0,65,30,137,32,26,0,3,1,0,17,270,0,42,0,0,153,159,5,0,0,307,0,23,257,32,3000,3300,3605,3263.8,568.9,32,231,48,1,310,8.87,0.52,0,312
2016,"MUNICIPIO","130070",653,0,617,20,204,201,109,68,36,15,0,0,633,18,22,27,23.28,6.52,33,130,269,190,8,19,90,18,0,496,37,164,482,204,449,647,5,1,4,0,52,559,34,57,559,34,38,39,40,38.88,2.13,0,244,43,39,279,152,501,405,247,607,19,1,156,22,235,38,104,2,14,5,1,47,651,0,2,0,0,354,299,90,18,0,496,37,33,563,57,3015,3280,3590,3274.9,519.69,39,522,78,7,643,8.98,0.79,8,638
2016,"MUNICIPIO","130080",663,0,608,22,198,225,120,65,26,5,1,0,640,18,22,26.75,22.77,6.05,11,79,254,292,13,12,8,1,0,484,162,281,375,244,419,653,10,0,1,5,52,577,27,58,577,27,38,39,40,38.84,2.01,3,234,45,48,329,146,517,526,137,644,15,0,201,17,270,22,79,4,10,10,0,45,600,3,33,6,21,325,338,9,1,0,484,162,47,589,27,2942.5,3200,3522.5,3201.7,501.41,48,547,55,3,616,9.65,0.79,3,654
2016,"MUNICIPIO","130083",183,0,159,5,55,54,35,20,12,1,1,0,178,18,22,27,23.51,6.51,2,31,83,58,1,2,3,3,1,169,0,67,111,53,130,180,2,0,1,3,18,152,7,22,152,7,38,39,40,38.54,2.53,6,67,21,18,56,58,125,127,56,175,5,0,39,1,74,4,33,2,3,2,0,19,154,0,29,0,0,85,98,3,3,1,169,0,9,156,16,3000,3300,3600,3276.87,511.46,9,133,33,3,171,9.55,1.03,1,179
2016,"MUNICIPIO","130090",217,0,206,11,77,54,40,29,5,0,1,0,206,18,21,26,22.41,6.16,11,41,78,78,4,4,24,3,0,186,1,70,142,82,135,216,0,0,0,1,12,187,16,13,187,16,38,39,40,39.17,2,0,61,26,38,81,9,208,120,96,207,6,0,54,17,75,17,31,3,3,0,0,12,209,0,7,1,0,113,104,24,3,0,186,1,14,184,19,3100,3330,3600,3332.88,507.9,13,167,28,2,215,9.51,0.76,0,216
2016,"MUNICIPIO","130100",625,0,365,18,195,190,93,76,40,11,2,0,607,18,22,28,23.6,6.79,28,101,220,247,14,7,129,4,0,476,15,284,331,206,419,610,12,0,3,6,72,477,42,81,477,42,38,40,40,38.87,2.5,24,214,52,55,202,13,612,468,152,610,6,2,147,20,263,40,37,2,1,11,2,73,549,0,76,0,0,323,302,129,4,0,476,15,28,519,77,3000,3332.5,3700,3353.54,561.49,30,414,125,14,379,9.51,1.87,1,624
2016,"MUNICIPIO","130110",481,0,434,8,109,129,121,69,30,12,3,0,473,20,24,29,24.92,6.8,8,47,193,211,11,6,22,5,0,435,15,307,173,130,351,471,10,0,3,5,29,429,11,37,429,11,39,39,40,39.03,2.03,14,165,78,53,157,341,140,339,142,412,57,0,95,4,209,9,58,16,38,10,0,27,439,0,38,3,0,245,236,22,5,0,435,15,41,391,48,2910,3240,3600,3243.89,602.99,50,349,66,8,437,9.55,1.14,3,472
2016,"MUNICIPIO","130115",199,0,167,4,54,49,32,43,11,6,0,0,195,19,23,30.5,24.79,7.18,1,17,88,78,4,10,1,0,0,195,0,144,52,83,116,197,2,0,0,1,26,169,3,27,169,3,38,39,40,38.69,1.83,0,50,30,25,65,173,26,141,58,164,31,1,51,1,62,1,25,11,20,2,1,22,172,0,26,1,0,101,98,1,0,0,195,0,12,175,12,2922.5,3230,3500,3211.01,495.79,15,159,23,0,172,9.91,0.28,1,198
2016,"MUNICIPIO","130120",1646,0,1639,43,460,523,296,197,104,21,2,0,1603,19,22,28,23.69,6.56,34,176,687,651,41,54,7,3,0,1627,8,500,1146,546,1100,1631,14,0,5,7,243,1380,11,255,1380,11,38,40,40,38.76,1.93,58,624,208,132,623,20,1626,1056,590,1627,17,2,431,10,675,15,246,6,6,13,2,241,1592,0,50,4,0,819,827,7,3,0,1627,8,100,1459,87,2925,3215,3530,3218.45,500.94,57,1440,134,8,1636,9.89,0.57,2,1644
2016,"MUNICIPIO","130130",404,0,352,4,123,124,80,47,18,7,1,0,400,19,22,27,23.51,6.19,17,62,159,135,5,8,8,3,0,389,0,73,325,125,279,401,1,1,3,2,25,322,28,31,322,28,38,39,40,38.91,2.54,2,158,48,27,157,26,378,293,107,385,15,0,97,4,175,4,54,5,10,1,0,28,397,0,7,0,0,211,193,8,3,0,389,0,14,354,36,3045.5,3350,3650,3333.94,511.74,18,286,60,6,397,9.8,1,0,403
2016,"MUNICIPIO","130140",787,0,683,25,247,229,130,95,53,6,2,0,762,18,22,28,23.41,6.58,131,94,232,285,2,14,34,0,0,655,97,272,509,253,534,782,5,2,4,3,80,665,29,89,665,29,38,39,40,38.71,2.35,32,282,98,65,286,10,777,551,236,778,6,3,155,60,307,58,103,2,4,5,3,86,664,0,64,9,50,402,385,34,0,0,655,97,72,666,29,2800,3150,3455,3109.56,530.72,107,576,65,10,680,8.87,0.77,4,783
2016,"MUNICIPIO","130150",369,0,319,11,123,87,73,36,25,10,4,0,358,18,22,28,23.74,7.37,51,79,118,111,3,7,51,0,0,273,44,114,255,131,238,355,14,0,0,4,11,340,14,15,340,14,38,39,40,39.02,1.81,5,125,35,34,168,23,346,243,126,352,14,0,106,13,153,10,51,2,9,14,0,8,321,0,45,3,0,184,185,51,0,0,273,44,32,323,14,2900,3200,3500,3169.07,526.12,37,287,29,2,320,9.81,0.6,6,362
2016,"MUNICIPIO","130160",573,0,571,24,205,155,108,64,13,4,0,0,549,18,21,26,22.35,5.93,15,75,234,228,7,13,1,4,1,532,34,192,381,187,386,569,4,1,1,4,66,465,35,72,465,35,38,39,40,38.6,2.38,14,282,52,33,152,8,565,410,163,561,11,0,129,27,219,11,103,2,7,4,0,69,529,1,43,0,0,288,285,1,5,1,532,34,39,500,34,2950,3200,3550,3226.41,500.57,44,444,69,9,564,9.43,1.04,2,571
2016,"MUNICIPIO","130165",284,0,216,6,90,69,48,48,19,4,0,0,278,18.75,22.5,29.25,24.14,6.96,16,70,84,79,4,5,18,1,0,242,1,60,216,82,202,284,0,0,1,2,44,213,15,47,213,15,37,39,40,38.52,2.31,2,96,14,13,64,241,43,198,86,272,8,0,52,10,116,9,34,4,4,0,0,44,268,0,14,2,0,160,124,18,1,0,242,1,21,239,24,2941.25,3235,3571.25,3234.16,518.68,23,198,47,0,268,9.64,0.55,1,277
2016,"MUNICIPIO","130170",977,0,963,26,271,311,173,128,53,14,1,0,951,19,22,28,23.58,6.43,23,91,379,398,32,53,50,1,0,876,46,870,104,346,631,967,10,0,2,4,58,891,16,64,891,16,38,39,40,38.72,1.77,10,328,70,59,474,71,906,516,461,967,7,0,301,10,385,9,193,1,5,10,0,55,948,0,23,4,1,498,479,50,1,0,876,46,68,846,63,2920,3220,3530,3208.8,522.04,70,779,112,8,967,9.03,0.67,9,967
2016,"MUNICIPIO","130180",389,0,289,8,124,124,53,46,20,13,1,0,381,18,22,28,23.66,6.91,71,102,129,74,0,7,11,3,0,327,45,204,183,127,262,386,2,0,4,8,42,306,25,54,306,25,38,40,40,38.84,2.83,0,182,44,32,59,23,366,314,74,346,38,0,80,8,167,9,30,18,19,2,0,47,296,0,88,5,0,199,190,11,3,0,327,45,28,319,28,2900,3200,3550,3207.37,544.27,49,241,67,4,293,9.85,1.02,0,388
2016,"MUNICIPIO","130185",928,0,849,23,275,266,174,109,71,9,1,0,905,19,22,28,23.79,6.57,6,68,341,463,22,22,13,3,2,897,0,751,171,307,621,913,15,1,8,13,84,742,33,106,742,33,38,39,40,38.55,2.63,4,329,127,99,305,812,116,657,270,816,21,0,217,8,315,9,134,5,14,15,0,86,909,0,13,6,0,454,474,13,3,2,897,0,94,774,60,2900,3243.5,3551.25,3192.32,600.48,60,678,118,8,901,9.68,0.87,6,913
2016,"MUNICIPIO","130190",2028,0,1953,49,564,571,423,268,124,26,3,0,1979,19,23,29,23.95,6.49,9,139,739,1007,74,56,16,1,1,2004,3,1198,824,703,1325,2008,18,3,11,33,276,1582,117,323,1582,117,37,39,40,38.43,2.63,13,782,167,128,879,154,1874,1485,542,1993,25,0,561,6,786,7,305,9,13,18,0,306,1929,22,73,4,0,1001,1027,16,1,1,2004,3,150,1744,134,2960,3270,3580,3251.62,522.87,116,1504,329,14,1952,9.86,0.63,3,2022
2016,"MUNICIPIO","130195",263,0,205,8,70,91,41,29,15,6,1,2,253,18.5,22,27,23.85,7.38,37,64,77,76,0,4,2,0,0,199,62,196,67,81,182,260,3,0,0,2,7,29,225,9,29,225,42,42,42,41.35,1.95,33,43,15,21,144,3,260,220,43,259,0,0,78,1,147,0,23,0,0,3,0,9,201,0,22,40,0,126,137,2,0,0,199,62,29,220,13,2800,3100,3400,3102.05,513.38,54,190,14,1,204,9.93,0.37,0,262
2016,"MUNICIPIO","130200",187,0,183,3,54,53,43,21,11,2,0,0,184,19,22,27,23.62,6.27,0,7,70,103,3,3,4,1,0,182,0,75,112,54,133,186,1,0,0,3,19,154,11,22,154,11,38,39,40,38.79,2.18,6,70,23,14,72,54,133,151,36,183,3,1,38,3,93,9,20,2,1,1,1,19,178,0,9,0,0,94,93,4,1,0,182,0,13,168,6,2963,3230,3500,3197.67,457.35,13,156,15,0,184,9.86,0.42,1,186
2016,"MUNICIPIO","130210",150,0,118,7,47,38,28,16,9,5,0,0,143,18,22,28,23.47,7.15,5,19,74,38,1,3,4,1,0,104,40,84,62,32,118,148,2,0,0,0,24,108,12,24,108,12,38,39,40,38.64,2.38,4,55,15,21,46,31,119,137,12,149,1,0,22,3,81,3,8,0,1,2,0,24,101,2,46,1,0,87,63,4,1,0,104,40,9,132,9,2958.5,3245,3500,3211.49,523.35,10,104,21,0,122,9.39,0.75,2,148
2016,"MUNICIPIO","130220",175,0,137,4,67,48,22,20,11,2,1,0,171,17.5,21,27.5,22.82,6.78,27,22,63,50,8,4,15,0,0,133,24,93,80,33,142,166,0,0,2,3,20,120,16,25,120,16,37,39,40,38.36,3,4,69,18,12,58,14,161,121,45,148,13,1,21,1,70,2,29,3,10,0,1,21,140,0,16,19,0,91,84,15,0,0,133,24,16,145,13,2850,3200,3590,3185.75,612.88,13,113,24,3,142,9.41,1.36,2,163
2016,"MUNICIPIO","130230",604,0,48,15,195,158,107,76,39,13,1,0,589,18,22,28,23.79,6.93,31,38,21,9,0,0,0,0,0,10,92,447,155,167,437,599,5,0,1,5,15,568,9,21,568,9,41,41,41,40.51,1.57,0,59,14,9,18,13,591,569,35,102,0,0,12,0,70,2,1,0,0,5,0,15,458,1,59,2,83,319,285,7,0,0,441,156,40,535,28,2861,3222,3500,3187.92,512.31,117,440,33,0,497,9.92,0.31,4,598
2016,"MUNICIPIO","130240",652,0,625,22,197,206,126,79,21,1,0,0,630,18,22,27,22.76,5.88,27,78,276,217,13,28,24,4,0,538,79,125,520,239,413,649,2,0,4,4,97,476,64,105,476,64,38,39,40,38.69,2.69,1,274,46,40,257,23,629,430,220,635,14,1,125,66,208,42,84,6,8,2,1,100,651,0,1,0,0,350,302,24,4,0,538,79,52,551,49,3000,3250,3550,3233.72,565.47,50,469,95,20,630,8.5,0.9,0,496
2016,"MUNICIPIO","130250",1795,0,1735,37,531,510,371,223,95,25,3,0,1758,19,22,28,23.66,6.4,18,158,603,908,43,51,28,4,0,1734,10,626,1135,593,1202,1772,23,0,8,24,209,1435,104,241,1435,104,38,39,40,38.61,2.46,64,754,173,140,582,455,1340,1268,527,1693,66,0,442,20,673,16,298,28,36,23,0,214,1686,0,103,6,0,912,883,28,4,0,1734,10,123,1547,125,2950,3240,3570,3231.49,550.25,114,1365,239,9,1782,9.75,0.66,11,1779
2016,"MUNICIPIO","130255",253,0,244,2,45,93,57,37,17,1,1,0,251,20,23,29,24.77,6.03,1,16,90,126,8,8,4,1,0,243,4,131,120,61,192,245,8,0,0,4,24,211,11,28,211,11,38,39,40,38.6,2.21,4,80,27,34,102,120,133,164,89,230,19,2,39,4,99,8,51,9,10,7,2,19,244,0,9,0,0,112,141,4,1,0,243,4,18,217,18,3000,3360,3600,3284.85,529.93,11,191,34,2,251,9.75,0.75,1,252
2016,"MUNICIPIO","130260",39603,0,38173,420,7527,10996,8936,7159,3598,919,48,0,39183,20,25,31,25.74,6.66,77,987,10141,21156,2745,4269,1490,114,41,37419,39,29797,9607,14450,25153,38946,626,21,206,367,2988,35151,542,3582,35151,542,38,39,40,38.7,2.1,119,12143,4790,4155,16225,119,39484,21270,18305,35210,3397,26,10026,1561,11522,1074,7637,1091,2138,622,26,2735,39428,8,151,16,0,20277,19319,1490,114,41,37419,39,3159,33760,2682,2944,3265,3585,3234.83,578.48,2409,31571,4538,279,39080,9.73,0.73,199,38924
2016,"MUNICIPIO","130270",911,0,769,22,260,254,170,130,57,16,2,0,889,19,23,29,24.02,6.61,38,113,327,402,6,23,37,1,0,769,103,815,92,270,641,902,8,0,0,4,70,769,65,74,769,65,38,39,40,39.09,1.88,44,340,81,66,367,78,833,671,238,894,12,2,230,6,452,13,112,1,9,8,2,72,769,2,133,6,1,440,471,37,1,0,769,103,35,792,84,3000,3340,3615,3310.92,502.85,67,682,128,12,765,9.03,0.89,1,906
2016,"MUNICIPIO","130280",358,0,301,9,102,116,63,31,25,12,0,0,349,19,22,27.75,23.75,6.79,7,53,155,125,5,6,12,1,0,287,56,94,262,88,270,357,0,0,3,4,35,298,16,42,298,16,38,39,40,38.53,2.27,17,127,46,32,111,104,254,286,71,353,3,1,65,6,198,12,29,1,2,0,1,41,307,12,38,1,0,195,163,12,1,0,287,56,17,314,27,3000,3250,3586,3271.8,510.16,25,280,48,2,313,9.69,0.76,1,357
2016,"MUNICIPIO","130290",1273,0,926,31,344,342,252,173,100,26,5,0,1242,19,23,29,24.41,6.86,23,152,551,500,16,25,6,1,0,1073,188,447,822,349,924,1267,6,3,1,8,52,1147,44,64,1147,44,38,39,40,38.87,2.01,15,676,110,76,315,22,1251,1158,115,1248,23,1,279,36,717,33,102,4,19,6,1,57,982,0,284,7,0,673,600,6,1,0,1073,188,79,1107,87,2943,3200,3550,3225.76,528.06,113,986,147,21,910,9.45,1.08,6,1265
2016,"MUNICIPIO","130300",338,0,79,7,90,115,64,46,9,7,0,0,331,19,22,27,23.51,6.2,1,4,29,49,0,2,0,0,0,175,18,39,86,114,224,335,2,0,1,4,56,234,34,61,234,34,37,39,40,38.48,2.71,5,162,35,17,98,54,284,252,85,325,8,0,88,1,140,1,28,3,5,2,0,57,272,0,59,4,0,173,165,0,0,0,175,18,20,290,26,2980,3250,3550,3235.19,544.61,21,236,54,6,283,8.99,0.94,1,322
2016,"MUNICIPIO","130310",587,0,502,11,193,183,96,60,35,7,1,1,575,18,22,27,23.23,6.52,7,53,279,222,12,12,20,0,0,548,19,534,53,180,407,577,9,0,2,4,88,458,35,94,458,35,37,39,40,38.53,2.3,34,270,77,52,150,25,562,425,161,582,4,0,140,5,272,1,66,0,4,9,0,89,506,1,80,0,0,295,292,20,0,0,548,19,45,506,36,2900,3190,3500,3171.22,527.39,57,450,67,7,498,8.82,0.76,0,587
2016,"MUNICIPIO","130320",289,0,267,16,75,88,56,41,9,4,0,0,273,19,22,27,23.32,6.33,6,32,117,112,6,10,5,1,0,260,21,149,140,79,210,285,2,0,0,2,25,240,13,27,240,13,38,39,40,38.78,2.12,4,112,29,30,93,126,163,215,74,276,4,0,56,4,121,0,60,2,2,2,0,24,276,0,11,2,0,133,156,5,1,0,260,21,17,247,20,3000,3312.5,3581,3298.07,512.61,12,219,41,1,277,9.7,0.57,0,288
2016,"MUNICIPIO","130330",386,0,339,13,119,109,75,44,18,5,3,0,373,18,22,27,23.32,6.63,19,56,149,138,6,11,0,2,0,383,1,138,248,137,249,377,8,0,0,2,49,280,41,51,280,41,38,39,40,38.78,2.34,7,168,32,24,134,21,365,265,119,376,5,3,113,1,154,1,40,2,1,8,3,50,354,0,32,0,0,209,177,0,2,0,383,1,14,332,40,3000,3350,3607.5,3328.97,559.83,19,260,74,8,345,8.82,0.83,2,383
2016,"MUNICIPIO","130340",1932,0,1833,36,530,597,373,232,127,34,3,0,1896,19,23,28,24.02,6.54,8,61,524,1128,98,109,7,1,1,1870,52,414,1517,692,1240,1896,35,1,4,9,346,1391,180,360,1391,180,37,39,40,38.47,2.53,71,638,482,196,484,13,1919,1380,552,1894,37,1,538,1,759,6,219,12,21,35,1,338,1832,3,91,6,0,994,938,7,1,1,1870,52,181,1673,78,2883,3180,3500,3150.61,561.43,172,1497,224,12,1824,8.99,0.63,11,1921
2016,"MUNICIPIO","130350",348,0,284,20,122,87,56,39,19,4,1,0,328,17,21,27,22.77,6.75,21,132,106,83,3,3,46,5,0,200,97,179,169,10,338,343,3,0,1,3,16,313,14,20,313,14,39,39,39,38.89,1.99,2,101,26,22,185,24,324,227,119,282,4,0,6,1,187,3,67,0,4,3,0,13,340,0,6,2,0,193,155,46,5,0,200,97,24,314,10,2900,3174,3460,3144.46,493.28,35,275,25,1,346,9.92,0.36,1,346
2016,"MUNICIPIO","130353",548,0,273,10,133,165,102,82,45,10,0,1,537,19,23,30,24.64,6.76,2,11,107,131,13,14,11,1,0,267,0,330,207,175,373,538,10,0,1,5,26,502,6,32,502,6,39,41,41,39.78,1.95,0,60,43,31,139,282,266,328,220,273,9,0,97,2,85,0,55,5,4,10,0,22,537,0,7,4,0,276,272,45,5,1,493,1,44,469,35,2924.5,3260,3561.25,3223.12,531.17,63,421,46,4,542,9.67,0.79,2,546
2016,"MUNICIPIO","130356",415,0,383,9,106,136,83,45,26,8,2,0,406,19,23,28,24.06,6.64,4,39,152,192,12,9,13,3,0,386,1,291,108,125,290,408,7,0,2,4,41,351,12,47,351,12,38,39,40,38.76,2.26,3,107,55,49,188,319,96,290,124,388,22,0,91,6,171,4,61,9,13,7,0,45,410,0,4,1,0,213,202,13,3,0,386,1,32,366,17,2992.5,3250,3529,3217.96,527.25,28,332,40,8,402,9.67,0.91,4,410
2016,"MUNICIPIO","130360",305,0,146,4,81,80,55,49,27,7,2,0,301,19,24,30,24.94,7.14,22,20,59,121,1,9,2,0,0,27,276,146,157,79,226,303,2,0,0,4,14,273,12,18,273,12,39,40,40,39.26,1.85,4,159,50,20,51,24,281,283,22,302,2,0,71,3,186,4,16,1,1,2,0,18,164,0,44,3,94,155,150,2,0,0,27,276,23,262,19,2860,3100,3452.5,3126.32,543.61,50,222,26,13,134,8.1,1.32,2,303
2016,"MUNICIPIO","130370",693,0,544,19,200,203,118,83,57,10,3,0,674,19,23,28,23.96,6.94,7,146,285,228,8,10,1,0,0,404,287,111,582,182,511,680,12,0,0,0,2,623,51,2,623,51,39,39,40,39.46,1.23,0,175,71,50,378,10,683,607,86,684,7,0,171,3,423,7,49,3,3,12,0,2,551,0,139,1,2,340,353,1,0,0,405,287,48,632,13,2870,3150,3450,3142.99,450.75,98,535,30,2,546,9.04,0.55,2,690
2016,"MUNICIPIO","130380",1255,0,670,7,268,362,266,196,121,32,2,1,1247,20,24,31,25.48,6.87,55,198,430,475,10,37,4,1,0,20,1227,780,454,376,879,1235,20,0,1,7,179,1012,55,187,1012,55,38,39,40,38.51,2.16,17,692,183,78,170,10,1245,1138,115,1247,8,0,305,0,646,2,93,2,4,20,0,182,703,5,349,160,38,655,600,4,1,0,20,1227,99,879,42,2870,3130,3446.25,3116.33,536.67,113,775,101,14,683,9.41,1.04,7,1248
2016,"MUNICIPIO","130390",871,0,446,6,218,234,170,128,90,22,3,0,865,19,24,30,25.25,7.07,54,140,306,342,8,13,3,0,0,260,605,282,580,186,685,860,9,1,8,13,162,630,52,184,630,52,37,39,40,38.13,2.85,6,356,88,78,332,18,853,756,114,826,30,13,124,18,439,21,36,11,17,9,13,177,444,0,330,49,47,446,425,3,0,0,260,605,55,788,27,2900,3142.5,3410,3145.16,453.25,63,657,113,3,446,9.29,0.83,7,863
2016,"MUNICIPIO","130395",178,0,166,3,60,56,33,20,6,0,0,0,175,19,22,25.75,22.85,5.41,0,4,63,100,2,7,2,0,0,172,1,35,141,56,122,178,0,0,0,2,20,142,11,22,142,11,38,39,40,38.61,2.27,1,89,3,5,70,34,144,145,31,171,5,0,42,5,81,5,18,1,4,0,0,17,177,0,1,0,0,85,93,2,0,0,172,1,6,154,18,3000,3300,3592.5,3308.36,471.89,5,132,35,3,172,9.17,1.02,2,175
2016,"MUNICIPIO","130400",208,0,205,5,55,62,31,31,17,7,0,0,203,19,23,30,24.59,7.14,2,23,64,114,1,3,1,0,0,206,0,91,116,55,153,208,0,0,1,1,18,171,17,20,171,17,38,39,40,38.85,2.22,0,76,19,17,90,66,142,168,40,207,1,0,47,3,101,10,26,0,1,0,0,20,204,0,4,0,0,106,102,1,0,0,206,0,6,192,10,3050,3270,3600,3291.44,438.14,15,163,27,0,206,9.88,0.38,2,206
2016,"MUNICIPIO","130406",1753,0,1048,28,398,463,365,270,158,62,8,1,1724,20,24,30,25.47,7.18,61,280,564,703,53,62,45,15,0,871,736,1137,555,488,1265,1725,21,2,8,23,249,1303,65,282,1303,65,38,39,40,38.4,2.62,8,769,194,146,437,22,1731,1377,369,1700,29,3,327,42,792,65,106,10,11,20,3,262,1247,1,378,10,117,882,869,45,15,0,871,736,127,1546,76,2900,3200,3500,3171.33,532.59,118,1287,193,15,1227,9.6,0.81,7,1724
2016,"MUNICIPIO","130410",389,0,368,11,123,126,68,47,11,3,0,0,378,18,22,26,22.74,5.92,31,80,138,114,4,10,3,2,0,327,55,257,125,128,261,380,9,0,2,9,42,301,32,53,301,32,38,39,40,38.83,2.6,3,143,51,47,132,28,361,221,168,380,8,0,102,8,154,3,56,0,6,9,0,47,355,1,22,11,0,203,186,3,2,0,327,55,25,331,27,2950,3300,3600,3251.4,529.15,33,276,51,2,384,9.92,0.53,1,384
2016,"MUNICIPIO","130420",1679,0,1450,36,535,493,310,199,80,22,3,1,1642,18,22,28,23.36,6.44,30,169,625,697,61,52,11,3,3,1484,142,396,1256,507,1172,1639,38,1,10,17,242,1250,59,270,1250,59,37,39,40,38.23,2.49,12,699,209,141,478,22,1657,1300,379,1651,27,0,363,18,685,16,183,9,11,38,0,258,1592,44,41,2,0,846,833,11,3,3,1484,142,152,1436,82,2880,3196,3498,3164.25,569.25,118,1193,215,24,1595,9.76,0.93,11,1665
2016,"MUNICIPIO","130423",363,0,341,5,111,95,62,47,32,11,0,0,358,19,22,29,24.36,7.14,11,32,107,194,6,13,0,0,0,287,76,78,285,117,246,361,2,0,0,4,51,288,20,55,288,20,38,39,40,38.53,2.23,2,133,39,37,152,24,339,298,65,356,7,0,81,13,177,7,23,2,4,2,0,54,333,1,26,3,0,179,184,0,0,0,287,76,23,327,10,2900,3170,3415,3177.06,426.86,24,288,38,2,340,9.69,0.57,1,362
2016,"MUNICIPIO","130426",264,0,253,10,83,76,62,21,10,2,0,0,254,18,22,27,22.73,6.02,7,41,103,101,2,6,17,1,0,207,38,88,176,86,178,256,8,0,1,3,42,207,10,46,207,10,38,39,40,38.5,2.31,1,93,29,20,107,29,235,184,80,254,6,2,60,6,85,19,38,0,3,7,2,41,255,1,7,1,0,128,136,17,1,0,207,38,15,229,20,2961.25,3220,3521,3246.54,496.91,16,197,41,3,254,9.08,1.07,0,262
2016,"MUNICIPIO","130430",265,0,260,8,83,75,53,20,18,7,1,0,257,18,22,28,23.55,6.94,1,17,68,171,3,5,2,0,1,257,5,67,198,76,189,263,2,0,1,2,28,211,23,31,211,23,38,39,40,38.9,2.38,6,125,12,6,112,24,241,212,53,235,5,0,60,0,117,3,27,2,3,2,0,27,258,0,4,3,0,121,144,2,0,1,257,5,14,229,22,3000,3320,3610,3306.52,521.79,17,198,39,9,251,8.97,1.24,1,264
2016,"MUNICIPIO","130440",299,0,249,5,82,98,60,28,21,4,1,0,294,19,22,28,23.81,6.3,4,31,129,128,3,2,0,0,0,298,0,151,146,61,238,296,3,0,1,4,53,226,15,58,226,15,37,39,40,38.34,2.59,5,115,63,24,89,118,181,265,34,296,1,0,54,0,153,0,31,0,1,3,0,55,250,0,48,1,0,162,137,0,0,0,298,0,19,269,11,2900,3200,3477.5,3177.7,502.15,26,233,32,4,251,9.66,0.78,1,296
